{
  "total_pairs": 1642,
  "successful_pairs": 313,
  "failed_pairs": 1329,
  "success_rate": 0.19062119366626065,
  "mace_statistics": {
    "mean": 467.2558200823994,
    "median": 311.5992126464844,
    "std": 1611.4014969377909,
    "min": 122.52580261230469,
    "max": 26119.10546875,
    "percentile_25": 253.8748779296875,
    "percentile_75": 367.7663879394531,
    "percentile_95": 538.8249755859374
  },
  "reprojection_error_statistics": {
    "mean": 393.728455077345,
    "median": 309.85693359375,
    "std": 835.2697191418341
  },
  "rmse_statistics": {
    "mean": 504.56275964316467,
    "median": 314.6360778808594,
    "std": 2019.3980300310336
  },
  "matching_statistics": {
    "mean_precision": 0.9293493967523484,
    "mean_recall": 0.4210343618590879,
    "mean_f1_score": 0.547473126521538
  },
  "performance_statistics": {
    "mean_computation_time": 0.08337619967353992,
    "median_computation_time": 0.07946610450744629,
    "total_computation_time": 26.096750497817993
  },
  "matrix_error_statistics": {
    "mean_frobenius_norm": 429.71456445048517,
    "median_frobenius_norm": 320.56714972752906
  },
  "failure_mode_distribution": {
    "unknown": 1329,
    "high_error_estimation": 313
  },
  "robustness_metrics": {
    "error_variance": 2596614.7843333534,
    "consistency_score": 0.19062119366626065,
    "outlier_ratio": 1.0
  },
  "method": "KAZE"
}