{
  "total_pairs": 1642,
  "successful_pairs": 818,
  "failed_pairs": 824,
  "success_rate": 0.4981729598051157,
  "mace_statistics": {
    "mean": 411.7433403406866,
    "median": 307.14161682128906,
    "std": 1080.0929550063006,
    "min": 96.73075866699219,
    "max": 26238.169921875,
    "percentile_25": 251.75787734985352,
    "percentile_75": 372.900390625,
    "percentile_95": 614.7602600097656
  },
  "reprojection_error_statistics": {
    "mean": 383.3553536282192,
    "median": 305.1790008544922,
    "std": 602.2498077941049
  },
  "rmse_statistics": {
    "mean": 495.64172949009827,
    "median": 309.7930145263672,
    "std": 1484.8695250200296
  },
  "matching_statistics": {
    "mean_precision": 0.8059784244452011,
    "mean_recall": 0.22307364559547666,
    "mean_f1_score": 0.31775862134756877
  },
  "performance_statistics": {
    "mean_computation_time": 0.007346000822948652,
    "median_computation_time": 0.006125330924987793,
    "total_computation_time": 6.009028673171997
  },
  "matrix_error_statistics": {
    "mean_frobenius_norm": 506.36472637763575,
    "median_frobenius_norm": 317.6150678866105
  },
  "failure_mode_distribution": {
    "high_error_estimation": 818,
    "unknown": 824
  },
  "robustness_metrics": {
    "error_variance": 1166600.7914542425,
    "consistency_score": 0.4981729598051157,
    "outlier_ratio": 1.0
  },
  "method": "ORB"
}