{
  "total_pairs": 1642,
  "successful_pairs": 324,
  "failed_pairs": 1318,
  "success_rate": 0.19732034104750304,
  "mace_statistics": {
    "mean": 473.0104555671598,
    "median": 310.1745147705078,
    "std": 1599.055191481365,
    "min": 122.52580261230469,
    "max": 26119.10546875,
    "percentile_25": 252.59665298461914,
    "percentile_75": 364.7396926879883,
    "percentile_95": 573.2046600341783
  },
  "reprojection_error_statistics": {
    "mean": 394.65847707677773,
    "median": 308.1773986816406,
    "std": 826.6754270217742
  },
  "rmse_statistics": {
    "mean": 513.7231230559172,
    "median": 313.60118103027344,
    "std": 2004.6608002430553
  },
  "matching_statistics": {
    "mean_precision": 0.9346968172194913,
    "mean_recall": 0.45071217100634137,
    "mean_f1_score": 0.5575130256210218
  },
  "performance_statistics": {
    "mean_computation_time": 0.20251702232125365,
    "median_computation_time": 0.19882631301879883,
    "total_computation_time": 65.61551523208618
  },
  "matrix_error_statistics": {
    "mean_frobenius_norm": 475.2088801133605,
    "median_frobenius_norm": 320.57166944315566
  },
  "failure_mode_distribution": {
    "unknown": 1318,
    "high_error_estimation": 324
  },
  "robustness_metrics": {
    "error_variance": 2556977.5054035047,
    "consistency_score": 0.19732034104750304,
    "outlier_ratio": 1.0
  },
  "method": "KAZE"
}