{
  "total_pairs": 1642,
  "successful_pairs": 832,
  "failed_pairs": 810,
  "success_rate": 0.5066991473812423,
  "mace_statistics": {
    "mean": 367.9537240450199,
    "median": 283.52830505371094,
    "std": 962.3122944085861,
    "min": 113.1304931640625,
    "max": 26238.474609375,
    "percentile_25": 240.69917678833008,
    "percentile_75": 346.0341491699219,
    "percentile_95": 554.4781677246092
  },
  "reprojection_error_statistics": {
    "mean": 343.9340423804063,
    "median": 275.0985412597656,
    "std": 672.9141273796226
  },
  "rmse_statistics": {
    "mean": 438.9573973233883,
    "median": 289.0651092529297,
    "std": 1750.9113398892348
  },
  "matching_statistics": {
    "mean_precision": 0.47454778622914584,
    "mean_recall": 0.229723456900718,
    "mean_f1_score": 0.22121726196806454
  },
  "performance_statistics": {
    "mean_computation_time": 0.26343055069446564,
    "median_computation_time": 0.22420954704284668,
    "total_computation_time": 219.1742181777954
  },
  "matrix_error_statistics": {
    "mean_frobenius_norm": 445.3127862146287,
    "median_frobenius_norm": 329.8914734723991
  },
  "failure_mode_distribution": {
    "high_error_estimation": 832,
    "unknown": 810
  },
  "robustness_metrics": {
    "error_variance": 926044.9519699173,
    "consistency_score": 0.5066991473812423,
    "outlier_ratio": 1.0
  },
  "method": "ORB"
}