{
  "total_pairs": 1642,
  "successful_pairs": 719,
  "failed_pairs": 923,
  "success_rate": 0.43788063337393424,
  "mace_statistics": {
    "mean": 370.0560911918714,
    "median": 306.1004638671875,
    "std": 995.7824387951417,
    "min": 101.9625015258789,
    "max": 26239.61328125,
    "percentile_25": 253.9226303100586,
    "percentile_75": 361.2554168701172,
    "percentile_95": 513.3063537597658
  },
  "reprojection_error_statistics": {
    "mean": 339.1049238690415,
    "median": 301.3372497558594,
    "std": 535.7526285006941
  },
  "rmse_statistics": {
    "mean": 382.69148105838866,
    "median": 307.1643371582031,
    "std": 1234.9606391699979
  },
  "matching_statistics": {
    "mean_precision": 0.7702538921585954,
    "mean_recall": 0.5003325452647689,
    "mean_f1_score": 0.5083383258899042
  },
  "performance_statistics": {
    "mean_computation_time": 0.7680347546085363,
    "median_computation_time": 0.5232844352722168,
    "total_computation_time": 552.2169885635376
  },
  "matrix_error_statistics": {
    "mean_frobenius_norm": 396.7042598349836,
    "median_frobenius_norm": 318.69134360117994
  },
  "failure_mode_distribution": {
    "high_error_estimation": 719,
    "unknown": 923
  },
  "robustness_metrics": {
    "error_variance": 991582.6654128002,
    "consistency_score": 0.43788063337393424,
    "outlier_ratio": 1.0
  },
  "method": "SIFT"
}