{
  "total_pairs": 1642,
  "successful_pairs": 285,
  "failed_pairs": 1357,
  "success_rate": 0.1735688185140073,
  "mace_statistics": {
    "mean": 371.0761983235677,
    "median": 301.174560546875,
    "std": 408.48452093410583,
    "min": 124.661376953125,
    "max": 5402.7294921875,
    "percentile_25": 243.6730194091797,
    "percentile_75": 366.6508483886719,
    "percentile_95": 626.574255371094
  },
  "reprojection_error_statistics": {
    "mean": 382.8386315061335,
    "median": 295.5965576171875,
    "std": 617.0565628500264
  },
  "rmse_statistics": {
    "mean": 502.54516839813766,
    "median": 310.7963562011719,
    "std": 1668.6548958491705
  },
  "matching_statistics": {
    "mean_precision": 0.7348484601218842,
    "mean_recall": 0.4341081886720872,
    "mean_f1_score": 0.4558474232362866
  },
  "performance_statistics": {
    "mean_computation_time": 0.3228020207923755,
    "median_computation_time": 0.17789602279663086,
    "total_computation_time": 91.99857592582703
  },
  "matrix_error_statistics": {
    "mean_frobenius_norm": 456.79416839902785,
    "median_frobenius_norm": 317.1229320131246
  },
  "failure_mode_distribution": {
    "unknown": 1357,
    "high_error_estimation": 285
  },
  "robustness_metrics": {
    "error_variance": 166859.60384276594,
    "consistency_score": 0.1735688185140073,
    "outlier_ratio": 1.0
  },
  "method": "BRISK"
}