{
  "total_pairs": 1642,
  "successful_pairs": 238,
  "failed_pairs": 1404,
  "success_rate": 0.14494518879415347,
  "mace_statistics": {
    "mean": 460.7724872557055,
    "median": 313.5904083251953,
    "std": 1711.275270265394,
    "min": 122.45064544677734,
    "max": 26239.6171875,
    "percentile_25": 257.0483093261719,
    "percentile_75": 366.2778625488281,
    "percentile_95": 591.5397155761711
  },
  "reprojection_error_statistics": {
    "mean": 404.8066182497169,
    "median": 309.5685119628906,
    "std": 919.8266597559199
  },
  "rmse_statistics": {
    "mean": 533.5917032386075,
    "median": 314.5816192626953,
    "std": 2172.0050440970626
  },
  "matching_statistics": {
    "mean_precision": 0.8391918873979725,
    "mean_recall": 0.37551203308844217,
    "mean_f1_score": 0.48159999835362916
  },
  "performance_statistics": {
    "mean_computation_time": 0.013487480267757127,
    "median_computation_time": 0.012262940406799316,
    "total_computation_time": 3.2100203037261963
  },
  "matrix_error_statistics": {
    "mean_frobenius_norm": 446.8282530037346,
    "median_frobenius_norm": 335.781230377414
  },
  "failure_mode_distribution": {
    "unknown": 1404,
    "high_error_estimation": 238
  },
  "robustness_metrics": {
    "error_variance": 2928463.0506218974,
    "consistency_score": 0.14494518879415347,
    "outlier_ratio": 1.0
  },
  "method": "AKAZE"
}