{
  "total_pairs": 1642,
  "successful_pairs": 243,
  "failed_pairs": 1399,
  "success_rate": 0.14799025578562727,
  "mace_statistics": {
    "mean": 441.0633792955689,
    "median": 295.5511474609375,
    "std": 1693.5708308167425,
    "min": 104.89273834228516,
    "max": 26239.6171875,
    "percentile_25": 245.19631958007812,
    "percentile_75": 350.126708984375,
    "percentile_95": 522.6119873046874
  },
  "reprojection_error_statistics": {
    "mean": 378.59316969506534,
    "median": 286.7338562011719,
    "std": 910.3070308691526
  },
  "rmse_statistics": {
    "mean": 501.3827558603797,
    "median": 299.18121337890625,
    "std": 2146.448006398187
  },
  "matching_statistics": {
    "mean_precision": 0.5778504875635485,
    "mean_recall": 0.3905933046247729,
    "mean_f1_score": 0.35183558608336474
  },
  "performance_statistics": {
    "mean_computation_time": 0.33470846301734203,
    "median_computation_time": 0.24320411682128906,
    "total_computation_time": 81.33415651321411
  },
  "matrix_error_statistics": {
    "mean_frobenius_norm": 456.08628181398484,
    "median_frobenius_norm": 335.1045203171022
  },
  "failure_mode_distribution": {
    "unknown": 1399,
    "high_error_estimation": 243
  },
  "robustness_metrics": {
    "error_variance": 2868182.1589933117,
    "consistency_score": 0.14799025578562727,
    "outlier_ratio": 1.0
  },
  "method": "AKAZE"
}