{
  "total_pairs": 1642,
  "successful_pairs": 274,
  "failed_pairs": 1368,
  "success_rate": 0.1668696711327649,
  "mace_statistics": {
    "mean": 391.90376961144216,
    "median": 315.1598815917969,
    "std": 444.1417588496009,
    "min": 138.271240234375,
    "max": 5402.73681640625,
    "percentile_25": 252.92597579956055,
    "percentile_75": 374.92240142822266,
    "percentile_95": 671.0374938964839
  },
  "reprojection_error_statistics": {
    "mean": 400.4507522583008,
    "median": 311.2640838623047,
    "std": 641.4505739309246
  },
  "rmse_statistics": {
    "mean": 526.9651535479692,
    "median": 316.57029724121094,
    "std": 1723.9943247924145
  },
  "matching_statistics": {
    "mean_precision": 0.9106883017629521,
    "mean_recall": 0.4342308354163926,
    "mean_f1_score": 0.5425952194779801
  },
  "performance_statistics": {
    "mean_computation_time": 0.011350680441751967,
    "median_computation_time": 0.005709528923034668,
    "total_computation_time": 3.110086441040039
  },
  "matrix_error_statistics": {
    "mean_frobenius_norm": 458.81670045913546,
    "median_frobenius_norm": 314.43440649722356
  },
  "failure_mode_distribution": {
    "unknown": 1368,
    "high_error_estimation": 274
  },
  "robustness_metrics": {
    "error_variance": 197261.90195401703,
    "consistency_score": 0.1668696711327649,
    "outlier_ratio": 1.0
  },
  "method": "BRISK"
}