{
  "total_pairs": 1642,
  "successful_pairs": 838,
  "failed_pairs": 804,
  "success_rate": 0.510353227771011,
  "mace_statistics": {
    "mean": 383.6104145459742,
    "median": 299.1565856933594,
    "std": 971.2980452480908,
    "min": 110.318115234375,
    "max": 26238.3515625,
    "percentile_25": 247.14188766479492,
    "percentile_75": 359.5708236694336,
    "percentile_95": 580.072164916992
  },
  "reprojection_error_statistics": {
    "mean": 390.9924241022734,
    "median": 295.8019104003906,
    "std": 1200.831604310123
  },
  "rmse_statistics": {
    "mean": 535.8143371636658,
    "median": 303.4375762939453,
    "std": 3376.105255541557
  },
  "matching_statistics": {
    "mean_precision": 0.8153043401947668,
    "mean_recall": 0.22680433513623455,
    "mean_f1_score": 0.3220309207595552
  },
  "performance_statistics": {
    "mean_computation_time": 0.12835002087750128,
    "median_computation_time": 0.12731707096099854,
    "total_computation_time": 107.55731749534607
  },
  "matrix_error_statistics": {
    "mean_frobenius_norm": 433.2214267366602,
    "median_frobenius_norm": 311.27567780585053
  },
  "failure_mode_distribution": {
    "high_error_estimation": 838,
    "unknown": 804
  },
  "robustness_metrics": {
    "error_variance": 943419.8927027623,
    "consistency_score": 0.510353227771011,
    "outlier_ratio": 1.0
  },
  "method": "ORB"
}