{
  "total_pairs": 1642,
  "successful_pairs": 244,
  "failed_pairs": 1398,
  "success_rate": 0.14859926918392205,
  "mace_statistics": {
    "mean": 452.12027409037603,
    "median": 308.6036376953125,
    "std": 1690.086791158269,
    "min": 120.73673248291016,
    "max": 26239.6171875,
    "percentile_25": 251.78472137451172,
    "percentile_75": 362.1098937988281,
    "percentile_95": 586.617593383789
  },
  "reprojection_error_statistics": {
    "mean": 385.3953121998271,
    "median": 306.8011779785156,
    "std": 893.6334659030871
  },
  "rmse_statistics": {
    "mean": 486.57043397622033,
    "median": 310.8801727294922,
    "std": 2095.6283931156822
  },
  "matching_statistics": {
    "mean_precision": 0.8513233993075603,
    "mean_recall": 0.3878108695220356,
    "mean_f1_score": 0.4925435921635901
  },
  "performance_statistics": {
    "mean_computation_time": 0.14278901111884196,
    "median_computation_time": 0.14162826538085938,
    "total_computation_time": 34.84051871299744
  },
  "matrix_error_statistics": {
    "mean_frobenius_norm": 441.1549013743757,
    "median_frobenius_norm": 333.9567733950356
  },
  "failure_mode_distribution": {
    "unknown": 1398,
    "high_error_estimation": 244
  },
  "robustness_metrics": {
    "error_variance": 2856393.3616476543,
    "consistency_score": 0.14859926918392205,
    "outlier_ratio": 1.0
  },
  "method": "AKAZE"
}