{
  "total_pairs": 1642,
  "successful_pairs": 717,
  "failed_pairs": 925,
  "success_rate": 0.4366626065773447,
  "mace_statistics": {
    "mean": 382.8942220520275,
    "median": 315.37799072265625,
    "std": 998.2662483451709,
    "min": 101.9625015258789,
    "max": 26239.61328125,
    "percentile_25": 261.3436584472656,
    "percentile_75": 375.95758056640625,
    "percentile_95": 528.3359008789063
  },
  "reprojection_error_statistics": {
    "mean": 355.1561456358416,
    "median": 313.30462646484375,
    "std": 537.4846697169528
  },
  "rmse_statistics": {
    "mean": 396.32851656776756,
    "median": 316.08587646484375,
    "std": 1237.1149582036383
  },
  "matching_statistics": {
    "mean_precision": 0.9675946414700706,
    "mean_recall": 0.5015767127628986,
    "mean_f1_score": 0.6191513806796913
  },
  "performance_statistics": {
    "mean_computation_time": 0.17602663259625934,
    "median_computation_time": 0.1706857681274414,
    "total_computation_time": 126.21109557151794
  },
  "matrix_error_statistics": {
    "mean_frobenius_norm": 399.20138086081505,
    "median_frobenius_norm": 319.7757796748284
  },
  "failure_mode_distribution": {
    "high_error_estimation": 717,
    "unknown": 925
  },
  "robustness_metrics": {
    "error_variance": 996535.5025851423,
    "consistency_score": 0.4366626065773447,
    "outlier_ratio": 1.0
  },
  "method": "SIFT"
}