{
  "total_pairs": 1642,
  "successful_pairs": 281,
  "failed_pairs": 1361,
  "success_rate": 0.17113276492082827,
  "mace_statistics": {
    "mean": 379.7829268920464,
    "median": 307.4280700683594,
    "std": 411.1719433761631,
    "min": 127.53598022460938,
    "max": 5402.7060546875,
    "percentile_25": 250.14051818847656,
    "percentile_75": 375.2877502441406,
    "percentile_95": 659.0504150390625
  },
  "reprojection_error_statistics": {
    "mean": 396.7521050884206,
    "median": 307.61065673828125,
    "std": 621.7920265674123
  },
  "rmse_statistics": {
    "mean": 518.8949334358406,
    "median": 315.9859924316406,
    "std": 1684.1874661789432
  },
  "matching_statistics": {
    "mean_precision": 0.9065464676324377,
    "mean_recall": 0.4438974097756393,
    "mean_f1_score": 0.5433377883699685
  },
  "performance_statistics": {
    "mean_computation_time": 0.135199163307923,
    "median_computation_time": 0.12998580932617188,
    "total_computation_time": 37.99096488952637
  },
  "matrix_error_statistics": {
    "mean_frobenius_norm": 446.4481747114073,
    "median_frobenius_norm": 309.8691341654943
  },
  "failure_mode_distribution": {
    "unknown": 1361,
    "high_error_estimation": 281
  },
  "robustness_metrics": {
    "error_variance": 169062.36701973068,
    "consistency_score": 0.17113276492082827,
    "outlier_ratio": 1.0
  },
  "method": "BRISK"
}