{
  "total_pairs": 1642,
  "successful_pairs": 323,
  "failed_pairs": 1319,
  "success_rate": 0.1967113276492083,
  "mace_statistics": {
    "mean": 454.8996879884702,
    "median": 306.77386474609375,
    "std": 1586.7791896169722,
    "min": 116.2055435180664,
    "max": 26119.10546875,
    "percentile_25": 252.10198211669922,
    "percentile_75": 362.08155822753906,
    "percentile_95": 522.9589965820312
  },
  "reprojection_error_statistics": {
    "mean": 380.5475608896545,
    "median": 302.4695129394531,
    "std": 823.1041030025592
  },
  "rmse_statistics": {
    "mean": 493.0405858751421,
    "median": 307.7967529296875,
    "std": 1988.9861361345254
  },
  "matching_statistics": {
    "mean_precision": 0.7364901217035283,
    "mean_recall": 0.452271479534655,
    "mean_f1_score": 0.46632865045978755
  },
  "performance_statistics": {
    "mean_computation_time": 0.4763145793702211,
    "median_computation_time": 0.29906249046325684,
    "total_computation_time": 153.84960913658142
  },
  "matrix_error_statistics": {
    "mean_frobenius_norm": 438.6789160504344,
    "median_frobenius_norm": 339.3769230858889
  },
  "failure_mode_distribution": {
    "unknown": 1319,
    "high_error_estimation": 323
  },
  "robustness_metrics": {
    "error_variance": 2517868.1966014947,
    "consistency_score": 0.1967113276492083,
    "outlier_ratio": 1.0
  },
  "method": "KAZE"
}