{
  "total_pairs": 1642,
  "successful_pairs": 699,
  "failed_pairs": 943,
  "success_rate": 0.42570036540803896,
  "mace_statistics": {
    "mean": 383.9831525614333,
    "median": 314.63543701171875,
    "std": 1010.902985174701,
    "min": 122.43187713623047,
    "max": 26239.61328125,
    "percentile_25": 262.7901611328125,
    "percentile_75": 374.7059020996094,
    "percentile_95": 527.9668518066406
  },
  "reprojection_error_statistics": {
    "mean": 356.57616363438075,
    "median": 312.78948974609375,
    "std": 543.8071729834634
  },
  "rmse_statistics": {
    "mean": 398.46759640061975,
    "median": 315.9870300292969,
    "std": 1252.9560752435941
  },
  "matching_statistics": {
    "mean_precision": 0.9681049353918907,
    "mean_recall": 0.47723132912453103,
    "mean_f1_score": 0.6135424751295883
  },
  "performance_statistics": {
    "mean_computation_time": 0.034848884792628036,
    "median_computation_time": 0.03182172775268555,
    "total_computation_time": 24.359370470046997
  },
  "matrix_error_statistics": {
    "mean_frobenius_norm": 394.48618675712754,
    "median_frobenius_norm": 319.2804981424909
  },
  "failure_mode_distribution": {
    "high_error_estimation": 699,
    "unknown": 943
  },
  "robustness_metrics": {
    "error_variance": 1021924.8454351219,
    "consistency_score": 0.42570036540803896,
    "outlier_ratio": 1.0
  },
  "method": "SIFT"
}